Type,Tool,Ref-Link,Description,License,Integration Level,Features,Lifecycle Phase,CAx classification,Data Domain,Interfaces
Digital,Fab Access,https://docs.fab-access.org/shelves/fabaccess,Machine Access,FOSS,Lab,Machine Access Management,Manufacturing,CAM,user-id; machine-usage-time; switch-control,costum API
Digital,INTERFACER OS,https://github.com/interfacerproject,DPP generation,FOSS,Network,,Overall,,REA-model-vocabualary,graphQL
Digital,WikiFactory,https://wikifactory.com/home,Collabor. CAD IDE / coud manufacturing platform,PROP,Design; Lab,,Design; Manufacturing,CAD,Cad-file; product-documentation; user-interactions;,
Digital,Open Know How (OKW+LOSH),https://standards.internetofproduction.org/pub/okh/release/1,meta data standard for OSH designs,FOSS,Network,,Overall,,hardware-meta-specification,
Digital,Open-Know-Where,https://standards.internetofproduction.org/pub/okw/release/1,meta data standard for manufacturing spaces,FOSS,Network,,,,makerspace-meta-specification,
Digital,Fabmanager,https://github.com/sleede/fab-manager,lab resource management,FOSS,Lab,,Production,,space-specification; machine-sets; space-booking; machine-booking,
Digital,FabmanIO,https://fabman.io/,lab resource management,PROP,Lab,,Production,,space-specification; machine-sets; space-booking; machine-booking; user-id; machine-usage-time; switch-control,
Digital,OpenLab OS,https://github.com/Open-Lab-Starter-Kit/Open-Lab-Operating-System,machine control interface,FOSS,Lab,,Manufacturing,,,
Digital,AutoDOC,https://codeberg.org/osh-autodoc,CAD integrated documentation,FOSS,Design,,Design; Assembly,,,
Digital,ReflowOS,https://github.com/dyne/reflow-os,Circular Economy Platform,FOSS,Network,,Overall,,,
Digital,Distributed Design Platform,https://distributeddesign.eu/,Design & Talents Exhibition Platform,PROP,Network,,Design;,,,
Digital,Marlin,https://marlinfw.org/,Firmware for CNC Control,FOSS,Machine,,Manufacturing,CAM,,
Digital,grblHAL,https://github.com/grblHAL,Firmware for CNC Control,FOSS,Machine,,Manufacturing,CAM,,
Digital,PRUSA Link,https://help.prusa3d.com/guide/wi-fi-and-prusalink-setup-mk4-mk3-9-mk3-5-xl-mini_413293,API Interfacer for PRUSA 3DP,FOSS,Machine,,Manufacturing,SCADA,,
Digital,PRUSA Connect,https://connect.prusa3d.com/,Cloud Monitoring&Control from PURSA for PRUSA 3DP,FOSS,Machine,,Manufacturing,SCADA,,
Digital,Universal Gcode Sender,https://universalgcodesender.com/,machine control,FOSS,Machine,,Manufacturing,CAM,,
Digital,PRUSA Slicer,https://github.com/prusa3d/PrusaSlicer,CAM Tool (3D printer machine job configuration),FOSS,Machine,,Manufacturing,CAM,,
Digital,FreeCAD,https://www.freecad.org/,CAD Tool,FOSS,Design,,Design; Manufacturing,CAD,,
Digital,Linux CNC,https://www.linuxcnc.org/,CNC Control Firmware,FOSS,Machine,,Manufacturing,,,
Digital,Klipper,https://www.klipper3d.org/,3D Printer Control Firmware,FOSS,Machine,,Manufacturing,,,
Digital,OpenPLC,https://autonomylogic.com/,"Machine Control, Lab Control",FOSS,Machine; Lab,,Manufacturing,,,
Digital,Truck,https://ricos.gitlab.io/truck-tutorial/v0.1/overview.html,CAD Kernel,FOSS,Design,,Design;,,cad-processing,
Digital,Wood Waste Toolkit,https://wikifactory.com/+fictionfactory/wood-waste-toolkit,Wood Material Recovery Indicator List for CNC,FOSS,Lab,,Design; Manufacturing; Recycling,,material-specification,
Digital,Cobot,www.cobot.me,Coworking admin software & resource management,PROP,Lab,,Production,,space-sets; space-scheduling; machine-sets; machine-scheduling; user-interaction,
Digital,Holded,https://app.holded.com/,"ERP , Accounting, Resource planning",PROP,Lab,,Production,,,
Digital,Planet CNC,https://planet-cnc.com/,CNC controlling,PROP,Machine,,Manufacturing,,,
Digital,Freppl,https://frepple.com/,Material & Production Planning and Control,FOSS,Lab; Network,"Resource & Material Planning, Stock Management, Job Scheduling",Production,CAPP,material-specification; machine-specification; manufacturing-job-scheduling,
Digital,Quartzy,https://www.quartzy.com/,Lab workflow management,PROP,Lab,,Production,,material-specification; request-management; supplier-management,
Digital,Office rnd,https://www.officernd.com/,Workplace Management,PROP,Lab,,Production,,space-specification; space-booking,
Digital,Open Toolchain collection,https://www.opentoolchain.org/tools/,Collection of open source CAx tools,FOSS,"Lab, Design",,Design; Manufacturing,,,
Physical,OLSK Small Laser,https://github.com/Open-Lab-Starter-Kit/OLSK-Small-Laser,CNC Machine Tool Lasercutter,OSH,Lab,,Manufacturing,,,
Physical,Mekanika CNC,https://www.mekanika.io/mekanika-cnc-milling,CNC Machine Tool Router,OSH,Lab,,Manufacturing,,,
Digital,ERP Next,https://erpnext.com/,"Product Data Management , Accounting, Resource Planning",FOSS,Lab; Network,,Production; Sales,,,
Digital,Carbide 3D Create,https://carbide3d.com/carbidecreate/,CAD Tool for CNC Router,PROP,Machine,,Design;,,,
Digital,Carbide 3D Motion,https://carbide3d.com/carbidemotion/,CAM Tool for CNC Router,PROP,Machine,,Manufacturing,,,
Digital,materialpyramide,https://kglakademi.dk/da/case/materialepyramiden,knowledge resource for material in architecture,PROP,Lab,,Design;,,document,
Physical,Annin Robotics,https://www.anninrobotics.com/,6-axis handling robot,OSH,Lab,2kg carry load,Manufacturing,,,
Physical,Wasp Cermaic 3D printers,https://www.3dwasp.com/en/ceramic-3d-printing-wasp-clay/,ceramic 3D printing,PROP,Lab,,Manufacturing,,,
Physical,Wasp Cermaic 3D extruder,https://www.3dwasp.shop/en/prodotto/ceramic-extruder-ldm-wasp-extruder/,ceramic extruder for3D printing,PROP,Machine,,Manufacturing,,,
Physical,Fab Inventory,http://inventory.fabcloud.io/,list of equipment for fablab setup,mixed,Lab,,Manufacturing,,,
Process,DIN SPEC 3105,https://osegermany.gitlab.io/OHS-3105/din/DIN_SPEC_3105-1.pdf,standard sepcification for technical documentation of open-source hardware designs,CC,Design; Network,,Design;,,,
Digital,Carveco,https://carveco.com/,CAD/CAM Tool for CNC Router,PROP,Design; Lab,,Design; Manufacturing,CAD; CAM,,
Digital,vcarve pro,https://www.vectric.com/products/vcarve/,CAD/CAM Tool for CNC Router,PROP,Design; Lab,,Design; Manufacturing,CAD; CAM,,
Digital,Aspire,https://www.vectric.com/de/produkte/aspire/,CAD/CAM Tool for CNC Router,PROP,Design; Lab,,Design; Manufacturing,CAD; CAM,,
Digital,Boxes.Py,https://boxes.hackerspace-bamberg.de/,CAD Configurator for Lasercutting,FOSS,Lab,,Design;,,,
Digital,Monday,https://monday.com/,Project Management,PROP,Lab,Cloud-based,Production,,,
Digital,Assana,https://asana.com/resources/project-planning,Project Management,PROP,Lab,Cloud-based,Production,,,
Digital,Makercase,https://www.makercase.com,CAD congifurator for designing boxes or project cases for laser cutters and CNC routers.,PROP,Design,Cloud-based,Design; Manufacturing,,,
